<?xml version="1.0" encoding="utf-8"?>
<table version="1.000000" name="tblSelectedJewels" numRows="2" numCols="4" flags="9" tableType="0">
    <rows>
        <row id="0" name="Jewel 1"/>
        <row id="1" name="Jewel 2"/>
    </rows>
    <columns>
        <column id="0" name="Jewel ID" type="2" readonly="1">0,0</column>
        <column id="1" name="Jewel Type" type="2" readonly="0">0,0</column>
        <column id="2" name="Y" type="2" readonly="0">0,0</column>
        <column id="3" name="X" type="2" readonly="0">0,0</column>
    </columns>
</table>

