<?xml version="1.0" encoding="utf-8"?>
<table version="1.000000" name="tblRecentlyDropped MASTER" numRows="3" numCols="99" flags="9" tableType="0">
    <rows>
        <row id="0" name=""/>
        <row id="1" name=""/>
        <row id="2" name=""/>
    </rows>
    <columns>
        <column id="0" name="" type="2" readonly="1">0,0,0</column>
        <column id="1" name="" type="2" readonly="1">0,0,0</column>
        <column id="2" name="" type="2" readonly="1">0,0,0</column>
        <column id="3" name="" type="2" readonly="1">0,0,0</column>
        <column id="4" name="" type="2" readonly="1">0,0,0</column>
        <column id="5" name="" type="2" readonly="1">0,0,0</column>
        <column id="6" name="" type="2" readonly="1">0,0,0</column>
        <column id="7" name="" type="2" readonly="1">0,0,0</column>
        <column id="8" name="" type="2" readonly="1">0,0,0</column>
        <column id="9" name="" type="2" readonly="1">0,0,0</column>
        <column id="10" name="" type="2" readonly="1">0,0,0</column>
        <column id="11" name="" type="2" readonly="1">0,0,0</column>
        <column id="12" name="" type="2" readonly="1">0,0,0</column>
        <column id="13" name="" type="2" readonly="1">0,0,0</column>
        <column id="14" name="" type="2" readonly="1">0,0,0</column>
        <column id="15" name="" type="2" readonly="1">0,0,0</column>
        <column id="16" name="" type="2" readonly="1">0,0,0</column>
        <column id="17" name="" type="2" readonly="1">0,0,0</column>
        <column id="18" name="" type="2" readonly="1">0,0,0</column>
        <column id="19" name="" type="2" readonly="1">0,0,0</column>
        <column id="20" name="" type="2" readonly="1">0,0,0</column>
        <column id="21" name="" type="2" readonly="1">0,0,0</column>
        <column id="22" name="" type="2" readonly="1">0,0,0</column>
        <column id="23" name="" type="2" readonly="1">0,0,0</column>
        <column id="24" name="" type="2" readonly="1">0,0,0</column>
        <column id="25" name="" type="2" readonly="1">0,0,0</column>
        <column id="26" name="" type="2" readonly="1">0,0,0</column>
        <column id="27" name="" type="2" readonly="1">0,0,0</column>
        <column id="28" name="" type="2" readonly="1">0,0,0</column>
        <column id="29" name="" type="2" readonly="1">0,0,0</column>
        <column id="30" name="" type="2" readonly="1">0,0,0</column>
        <column id="31" name="" type="2" readonly="1">0,0,0</column>
        <column id="32" name="" type="2" readonly="1">0,0,0</column>
        <column id="33" name="" type="2" readonly="1">0,0,0</column>
        <column id="34" name="" type="2" readonly="1">0,0,0</column>
        <column id="35" name="" type="2" readonly="1">0,0,0</column>
        <column id="36" name="" type="2" readonly="1">0,0,0</column>
        <column id="37" name="" type="2" readonly="1">0,0,0</column>
        <column id="38" name="" type="2" readonly="1">0,0,0</column>
        <column id="39" name="" type="2" readonly="1">0,0,0</column>
        <column id="40" name="" type="2" readonly="1">0,0,0</column>
        <column id="41" name="" type="2" readonly="1">0,0,0</column>
        <column id="42" name="" type="2" readonly="1">0,0,0</column>
        <column id="43" name="" type="2" readonly="1">0,0,0</column>
        <column id="44" name="" type="2" readonly="1">0,0,0</column>
        <column id="45" name="" type="2" readonly="1">0,0,0</column>
        <column id="46" name="" type="2" readonly="1">0,0,0</column>
        <column id="47" name="" type="2" readonly="1">0,0,0</column>
        <column id="48" name="" type="2" readonly="1">0,0,0</column>
        <column id="49" name="" type="2" readonly="1">0,0,0</column>
        <column id="50" name="" type="2" readonly="1">0,0,0</column>
        <column id="51" name="" type="2" readonly="1">0,0,0</column>
        <column id="52" name="" type="2" readonly="1">0,0,0</column>
        <column id="53" name="" type="2" readonly="1">0,0,0</column>
        <column id="54" name="" type="2" readonly="1">0,0,0</column>
        <column id="55" name="" type="2" readonly="1">0,0,0</column>
        <column id="56" name="" type="2" readonly="1">0,0,0</column>
        <column id="57" name="" type="2" readonly="1">0,0,0</column>
        <column id="58" name="" type="2" readonly="1">0,0,0</column>
        <column id="59" name="" type="2" readonly="1">0,0,0</column>
        <column id="60" name="" type="2" readonly="1">0,0,0</column>
        <column id="61" name="" type="2" readonly="1">0,0,0</column>
        <column id="62" name="" type="2" readonly="1">0,0,0</column>
        <column id="63" name="" type="2" readonly="1">0,0,0</column>
        <column id="64" name="" type="2" readonly="1">0,0,0</column>
        <column id="65" name="" type="2" readonly="1">0,0,0</column>
        <column id="66" name="" type="2" readonly="1">0,0,0</column>
        <column id="67" name="" type="2" readonly="1">0,0,0</column>
        <column id="68" name="" type="2" readonly="1">0,0,0</column>
        <column id="69" name="" type="2" readonly="1">0,0,0</column>
        <column id="70" name="" type="2" readonly="1">0,0,0</column>
        <column id="71" name="" type="2" readonly="1">0,0,0</column>
        <column id="72" name="" type="2" readonly="1">0,0,0</column>
        <column id="73" name="" type="2" readonly="1">0,0,0</column>
        <column id="74" name="" type="2" readonly="1">0,0,0</column>
        <column id="75" name="" type="2" readonly="1">0,0,0</column>
        <column id="76" name="" type="2" readonly="1">0,0,0</column>
        <column id="77" name="" type="2" readonly="1">0,0,0</column>
        <column id="78" name="" type="2" readonly="1">0,0,0</column>
        <column id="79" name="" type="2" readonly="1">0,0,0</column>
        <column id="80" name="" type="2" readonly="1">0,0,0</column>
        <column id="81" name="" type="2" readonly="1">0,0,0</column>
        <column id="82" name="" type="2" readonly="1">0,0,0</column>
        <column id="83" name="" type="2" readonly="1">0,0,0</column>
        <column id="84" name="" type="2" readonly="1">0,0,0</column>
        <column id="85" name="" type="2" readonly="1">0,0,0</column>
        <column id="86" name="" type="2" readonly="1">0,0,0</column>
        <column id="87" name="" type="2" readonly="1">0,0,0</column>
        <column id="88" name="" type="2" readonly="1">0,0,0</column>
        <column id="89" name="" type="2" readonly="1">0,0,0</column>
        <column id="90" name="" type="2" readonly="1">0,0,0</column>
        <column id="91" name="" type="2" readonly="1">0,0,0</column>
        <column id="92" name="" type="2" readonly="1">0,0,0</column>
        <column id="93" name="" type="2" readonly="1">0,0,0</column>
        <column id="94" name="" type="2" readonly="1">0,0,0</column>
        <column id="95" name="" type="2" readonly="1">0,0,0</column>
        <column id="96" name="" type="2" readonly="1">0,0,0</column>
        <column id="97" name="" type="2" readonly="1">0,0,0</column>
        <column id="98" name="" type="2" readonly="0">0,0,0</column>
    </columns>
</table>

