<?xml version="1.0" encoding="utf-8"?>
<table version="1.000000" name="tblJewelTypes MASTER" numRows="6" numCols="3" flags="9" tableType="0">
    <rows>
        <row id="0" name=""/>
        <row id="1" name=""/>
        <row id="2" name=""/>
        <row id="3" name=""/>
        <row id="4" name=""/>
        <row id="5" name=""/>
    </rows>
    <columns>
        <column id="0" name="ID" type="2" readonly="0">1,2,3,4,5,6</column>
        <column id="1" name="Name" type="1" readonly="0">LightBlue,Red,Yellow,Green,Purple,DarkBlue</column>
        <column id="2" name="Image" type="1" readonly="0">Jewel1.png,Jewel2.png,Jewel3.png,Jewel4.png,Jewel5.png,Jewel6.png</column>
    </columns>
</table>

