<?xml version="1.0" encoding="utf-8"?>
<assets PGFVersion="0.23" GSCVersion="0.13.40">
  <sounds>
    <sound name="aberturadostevenuniverso2temporadaemenglish[1]">
      <file name="aberturadostevenuniverso2temporadaemenglish[1].ogg" size="397605" />
    </sound>
    <sound name="BottleCork">
      <file name="BottleCork.ogg" size="6142" />
    </sound>
    <sound name="Bronze_medal_award">
      <file name="Bronze_medal_award.ogg" size="19992" />
    </sound>
    <sound name="CartoonBoing">
      <file name="CartoonBoing.ogg" size="26882" />
    </sound>
    <sound name="crash">
      <file name="crash.ogg" size="24676" />
    </sound>
    <sound name="Defeat">
      <file name="Defeat.ogg" size="24876" />
    </sound>
    <sound name="FOOT1">
      <file name="FOOT1.ogg" size="3492" />
    </sound>
    <sound name="FOOT12">
      <file name="FOOT12.ogg" size="3492" />
    </sound>
    <sound name="pop1">
      <file name="pop1.ogg" size="6606" />
    </sound>
    <sound name="pop2">
      <file name="pop2.ogg" size="7211" />
    </sound>
    <sound name="slurp1">
      <file name="slurp1.ogg" size="11754" />
    </sound>
    <sound name="StevenUniverseIntro02(NEWOPENING)">
      <file name="StevenUniverseIntro02(NEWOPENING).ogg" size="402166" />
    </sound>
    <sound name="success">
      <file name="success.ogg" size="21685" />
    </sound>
    <sound name="thwack">
      <file name="thwack.ogg" size="9464" />
    </sound>
    <sound name="thwack2">
      <file name="thwack2.ogg" size="8447" />
    </sound>
    <sound name="thwack3">
      <file name="thwack3.ogg" size="8318" />
    </sound>
    <sound name="thwack4">
      <file name="thwack4.ogg" size="9103" />
    </sound>
    <sound name="thwack5">
      <file name="thwack5.ogg" size="17036" />
    </sound>
    <sound name="thwack6">
      <file name="thwack6.ogg" size="6374" />
    </sound>
    <sound name="Youlost">
      <file name="Youlost.ogg" size="61207" />
    </sound>
    <sound name="MusicadeFundo">
      <file name="MusicadeFundo.ogg" size="408278" />
    </sound>
  </sounds>
  <images>
    <image name="SelectedRing">
      <file name="SelectedRing.png" />
    </image>
    <image name="tumblr_static_fv0svxx">
      <file name="tumblr_static_fv0svxx.png" size="142" />
    </image>
    <image name="168-116 Score">
      <file name="168-116 Score.png" size="12231" />
    </image>
    <image name="168-116 Timer">
      <file name="168-116 Timer.png" size="11491" />
    </image>
    <image name="Garnet's_Gauntlets_PNG">
      <file name="Garnet's_Gauntlets_PNG.png" size="66656" />
    </image>
    <image name="StevenShield">
      <file name="StevenShield.png" size="105522" />
    </image>
    <image name="NewSpear">
      <file name="NewSpear.png" size="11905" />
    </image>
    <image name="301-54">
      <file name="301-54.png" size="19994" />
    </image>
    <image name="hit1">
      <file name="hit1.png" size="31211" />
    </image>
    <image name="Warp_Pad_Png">
      <file name="Warp_Pad_Png.png" size="15024" />
    </image>
    <image name="3">
      <file name="3.png" size="1335107" />
    </image>
    <image name="BuffSteven">
      <file name="BuffSteven.png" size="19075" />
    </image>
    <image name="inicial cene">
      <file name="inicial cene.png" size="919169" />
    </image>
    <image name="Ataque">
      <file name="Ataque.png" size="31211" />
    </image>
    <image name="Gem_Destabilizer_(1)">
      <file name="Gem_Destabilizer_(1).png" size="110073" />
    </image>
    <image name="Gem_Monster_Cave">
      <file name="Gem_Monster_Cave.png" size="28502" />
    </image>
    <image name="Gosma">
      <file name="Gosma.png" size="8959" />
    </image>
    <image name="raindrops-310146_640">
      <file name="raindrops-310146_640.png" size="53325" />
    </image>
    <image name="AmetistaWater">
      <file name="AmetistaWater.png" size="182178" />
    </image>
    <image name="Creature_Cave">
      <file name="Creature_Cave.png" size="24276" />
    </image>
    <image name="Csd">
      <file name="Csd.png" size="183473" />
    </image>
    <image name="Frybo_transparent">
      <file name="Frybo_transparent.png" size="254117" />
    </image>
    <image name="Garnet_(8)">
      <file name="Garnet_(8).png" size="83300" />
    </image>
    <image name="Gem_Warship">
      <file name="Gem_Warship.png" size="161096" />
    </image>
    <image name="Gpt">
      <file name="Gpt.png" size="83154" />
    </image>
    <image name="Imt">
      <file name="Imt.png" size="198620" />
    </image>
    <image name="Jasper_Finish">
      <file name="Jasper_Finish.png" size="114165" />
    </image>
    <image name="MalachiteFullBody">
      <file name="MalachiteFullBody.png" size="121658" />
    </image>
    <image name="Peridorito_is_back">
      <file name="Peridorito_is_back.png" size="284540" />
    </image>
    <image name="Perla_(5)">
      <file name="Perla_(5).png" size="65157" />
    </image>
    <image name="PlugRobbonoid">
      <file name="PlugRobbonoid.png" size="241433" />
    </image>
    <image name="Icemt">
      <file name="Icemt.png" size="118800" />
    </image>
    <image name="wind-light-grey-hi">
      <file name="wind-light-grey-hi.png" size="26324" />
    </image>
    <image name="original">
      <file name="original.png" size="255141" />
    </image>
    <image name="Worm_Monster">
      <file name="Worm_Monster.png" size="16843" />
    </image>
    <image name="errtre">
      <file name="errtre.png" size="7507" />
    </image>
    <image name="Greg_Universo">
      <file name="Greg_Universo.png" size="232193" />
    </image>
    <image name="aaaaaaaaaaaa">
      <file name="aaaaaaaaaaaa.png" size="6557" />
    </image>
    <image name="Play">
      <file name="Play.png" size="12856" />
    </image>
    <image name="instruções">
      <file name="instruções.png" size="15699" />
    </image>
    <image name="Instru">
      <file name="Instru.png" size="320727" />
    </image>
    <image name="dawdad">
      <file name="dawdad.png" size="1308061" />
    </image>
    <image name="fundo">
      <file name="fundo.png" size="731177" />
    </image>
    <image name="tumblr_n1iu33lfti1smn4pqo8_1280">
      <file name="tumblr_n1iu33lfti1smn4pqo8_1280.png" size="252241" />
    </image>
    <image name="Tumblr_ncbwpjtIH11smn4pqo1_1280">
      <file name="Tumblr_ncbwpjtIH11smn4pqo1_1280.png" size="729647" />
    </image>
    <image name="tumblr_static_tumblr_static_akb7ie38r6ogw4gc0wcoo0c0k_640">
      <file name="tumblr_static_tumblr_static_akb7ie38r6ogw4gc0wcoo0c0k_640.png" size="350131" />
    </image>
    <image name="go out">
      <file name="go out.png" size="2649" />
    </image>
    <image name="Reset1">
      <file name="Reset1.png" size="4259" />
    </image>
    <image name="Info Game">
      <file name="Info Game.png" size="15709" />
    </image>
    <image name="Salvar">
      <file name="Salvar.png" size="13114" />
    </image>
    <image name="Olho_vermelho">
      <file name="Olho_vermelho.png" size="66363" />
    </image>
    <image name="You Win">
      <file name="You Win.png" size="2005548" />
    </image>
    <image name="8f23839bb37fe998066e7766f3bbc320">
      <file name="8f23839bb37fe998066e7766f3bbc320.png" size="515592" />
    </image>
    <image name="Centipoda">
      <file name="Centipoda.png" size="78668" />
    </image>
    <image name="level 2">
      <file name="level 2.png" size="20534" />
    </image>
    <image name="Game Over Lv1">
      <file name="Game Over Lv1.png" size="2023143" />
    </image>
    <image name="Game Over Lv2">
      <file name="Game Over Lv2.png" size="1805276" />
    </image>
    <image name="Game Over Lv3">
      <file name="Game Over Lv3.png" size="1863706" />
    </image>
    <image name="Game Over Lv4">
      <file name="Game Over Lv4.png" size="2070412" />
    </image>
    <image name="Tumblr_inline_ntaniw2XmY1t1jmgz_1280">
      <file name="Tumblr_inline_ntaniw2XmY1t1jmgz_1280.png" size="909255" />
    </image>
    <image name="5343d5ca-aba8-4104-8d2d-00c90b4a7cca">
      <file name="5343d5ca-aba8-4104-8d2d-00c90b4a7cca.png" size="1239367" />
    </image>
    <image name="Level 3">
      <file name="Level 3.png" size="20399" />
    </image>
    <image name="Level 4">
      <file name="Level 4.png" size="20266" />
    </image>
    <image name="Level 5">
      <file name="Level 5.png" size="20440" />
    </image>
    <image name="Game Over Lv5">
      <file name="Game Over Lv5.png" size="1986905" />
    </image>
    <image name="Level 6">
      <file name="Level 6.png" size="20584" />
    </image>
    <image name="asd">
      <file name="asd.png" size="1688389" />
    </image>
    <image name="01">
      <file name="01.png" size="3526" />
    </image>
    <image name="02">
      <file name="02.png" size="4593" />
    </image>
    <image name="03">
      <file name="03.png" size="4561" />
    </image>
    <image name="04">
      <file name="04.png" size="4035" />
    </image>
    <image name="05">
      <file name="05.png" size="4551" />
    </image>
    <image name="06">
      <file name="06.png" size="4908" />
    </image>
    <image name="07">
      <file name="07.png" size="4152" />
    </image>
    <image name="08">
      <file name="08.png" size="4914" />
    </image>
    <image name="hjgjh">
      <file name="hjgjh.png" size="8999" />
    </image>
    <image name="Gbd">
      <file name="Gbd.png" size="146443" />
    </image>
    <image name="Level 7">
      <file name="Level 7.png" size="20279" />
    </image>
    <image name="Level 8">
      <file name="Level 8.png" size="20605" />
    </image>
    <image name="Game Over Lv7">
      <file name="Game Over Lv7.png" size="1968049" />
    </image>
    <image name="Game Over L5">
      <file name="Game Over L5.png" size="1993213" />
    </image>
    <image name="StevenUniverse02251">
      <file name="StevenUniverse02251.png" size="1217245" />
    </image>
    <image name="fire-ball-png">
      <file name="fire-ball-png.png" size="446849" />
    </image>
    <image name="Shooty">
      <file name="Shooty.png" size="203747" />
    </image>
    <image name="Game Over Lv8">
      <file name="Game Over Lv8.png" size="2022186" />
    </image>
    <image name="Game Over Lv9">
      <file name="Game Over Lv9.png" size="2010725" />
    </image>
    <image name="09">
      <file name="09.png" size="4762" />
    </image>
    <image name="Level 9">
      <file name="Level 9.png" size="20585" />
    </image>
    <image name="Fireball_(1)">
      <file name="Fireball_(1).png" size="302555" />
    </image>
    <image name="Jewel1">
      <file name="Jewel1.png" size="221948" />
    </image>
    <image name="Jewel2">
      <file name="Jewel2.png" size="190540" />
    </image>
    <image name="Jewel3">
      <file name="Jewel3.png" size="242931" />
    </image>
    <image name="Jewel4">
      <file name="Jewel4.png" size="144029" />
    </image>
    <image name="Jewel5">
      <file name="Jewel5.png" size="182378" />
    </image>
    <image name="Jewel6">
      <file name="Jewel6.png" size="351843" />
    </image>
    <image name="12222">
      <file name="12222.png" size="201518" />
    </image>
    <image name="Info.Game">
      <file name="Info.Game.png" size="299690" />
    </image>
    <image name="'-'">
      <file name="'-'.png" size="32197" />
    </image>
    <image name="heart-icon-14">
      <file name="heart-icon-14.png" size="24985" />
    </image>
  </images>
  <behaviors />
</assets>