<?xml version="1.0" encoding="utf-8"?>
<game GSCVersion="0.13.40" PGFVersion="0.23" title="Steven Universe Puzzle Time">
  <attributes>
    <text id="name">default name</text>
    <real id="time">0</real>
    <size id="displaySize">
      <real id="width">320</real>
      <real id="height">568</real>
    </size>
    <text id="actorTags" />
    <table id="id580997" name="tblJewelTypesGrid MASTER">tblJewelTypesGrid MASTER</table>
    <table id="id433100" name="tblJewelTypesGrid">tblJewelTypesGrid</table>
    <index id="id895874" name="jewelCounter">0</index>
    <real id="id565859" name="jewelHeight">50</real>
    <real id="id705022" name="jewelWidth">50</real>
    <real id="id510766" name="fallSpeed">0.01</real>
    <index id="id851064" name="gridCounter">0</index>
    <index id="id496866" name="gridX">0</index>
    <index id="id217853" name="gridY">0</index>
    <index id="id730004" name="noOfCols">6</index>
    <index id="id981628" name="noOfRows">6</index>
    <real id="id138873" name="topLeftX">35</real>
    <real id="id939772" name="topLeftY">315</real>
    <table id="id797867" name="tblJewelTypes MASTER">tblJewelTypes MASTER</table>
    <table id="id354595" name="tblJewelTypes">tblJewelTypes</table>
    <index id="id488897" name="jewelType">0</index>
    <table id="id375805" name="tblRecentlyDropped MASTER">tblRecentlyDropped MASTER</table>
    <table id="id559124" name="tblRecentlyDropped">tblRecentlyDropped</table>
    <index id="id674415" name="noOfJewelsStationary">0</index>
    <table id="id490068" name="tblMatchesGrid MASTER">tblMatchesGrid MASTER</table>
    <table id="id378593" name="tblMatchesGrid">tblMatchesGrid</table>
    <table id="id792014" name="tblColsLoop MASTER">tblColsLoop MASTER</table>
    <table id="id980611" name="tblColsLoop">tblColsLoop</table>
    <table id="id934176" name="tblRowsLoop MASTER">tblRowsLoop MASTER</table>
    <index id="id652190" name="phase">1</index>
    <index id="id204646" name="noOfJewelsToDestroy">0</index>
    <table id="id529649" name="tblRowsLoop">tblRowsLoop</table>
    <index id="id263216" name="noOfJewelsSelected">0</index>
    <index id="id985748" name="noOfSwitches">0</index>
    <table id="id150793" name="tblSelectedJewels">tblSelectedJewels</table>
    <real id="id524918" name="switchingSpeed">0.1</real>
    <real id="id390332" name="destroySpeed">0.2</real>
    <table id="id983388" name="PurchaseTable">PurchaseTable</table>
    <integer id="id825778" name="Score">0</integer>
    <integer id="id465253" name="Timer">60</integer>
    <table id="id600162" name="PurchaseTable">PurchaseTable</table>
    <boolean id="platformConnected">false</boolean>
    <enumeration id="playerType">1</enumeration>
    <playermap id="player1 Keymap">
      <text id="dpadUp" />
      <text id="dpadDown" />
      <text id="dpadLeft" />
      <text id="dpadRight" />
      <text id="buttonX" />
      <text id="buttonY" />
      <text id="buttonA" />
      <text id="buttonB" />
      <text id="start" />
      <text id="select" />
      <text id="leftShoulder1" />
      <text id="rightShoulder1" />
      <text id="leftShoulder2" />
      <text id="rightShoulder2" />
      <text id="leftStickClick" />
      <text id="rightStickClick" />
    </playermap>
    <playermap id="player2 Keymap">
      <text id="dpadUp" />
      <text id="dpadDown" />
      <text id="dpadLeft" />
      <text id="dpadRight" />
      <text id="buttonX" />
      <text id="buttonY" />
      <text id="buttonA" />
      <text id="buttonB" />
      <text id="start" />
      <text id="select" />
      <text id="leftShoulder1" />
      <text id="rightShoulder1" />
      <text id="leftShoulder2" />
      <text id="rightShoulder2" />
      <text id="leftStickClick" />
      <text id="rightStickClick" />
    </playermap>
    <playermap id="player3 Keymap">
      <text id="dpadUp" />
      <text id="dpadDown" />
      <text id="dpadLeft" />
      <text id="dpadRight" />
      <text id="buttonX" />
      <text id="buttonY" />
      <text id="buttonA" />
      <text id="buttonB" />
      <text id="start" />
      <text id="select" />
      <text id="leftShoulder1" />
      <text id="rightShoulder1" />
      <text id="leftShoulder2" />
      <text id="rightShoulder2" />
      <text id="leftStickClick" />
      <text id="rightStickClick" />
    </playermap>
    <playermap id="player4 Keymap">
      <text id="dpadUp" />
      <text id="dpadDown" />
      <text id="dpadLeft" />
      <text id="dpadRight" />
      <text id="buttonX" />
      <text id="buttonY" />
      <text id="buttonA" />
      <text id="buttonB" />
      <text id="start" />
      <text id="select" />
      <text id="leftShoulder1" />
      <text id="rightShoulder1" />
      <text id="leftShoulder2" />
      <text id="rightShoulder2" />
      <text id="leftStickClick" />
      <text id="rightStickClick" />
    </playermap>
    <playermap id="player5 Keymap">
      <text id="dpadUp" />
      <text id="dpadDown" />
      <text id="dpadLeft" />
      <text id="dpadRight" />
      <text id="buttonX" />
      <text id="buttonY" />
      <text id="buttonA" />
      <text id="buttonB" />
      <text id="start" />
      <text id="select" />
      <text id="leftShoulder1" />
      <text id="rightShoulder1" />
      <text id="leftShoulder2" />
      <text id="rightShoulder2" />
      <text id="leftStickClick" />
      <text id="rightStickClick" />
    </playermap>
    <playermap id="player6 Keymap">
      <text id="dpadUp" />
      <text id="dpadDown" />
      <text id="dpadLeft" />
      <text id="dpadRight" />
      <text id="buttonX" />
      <text id="buttonY" />
      <text id="buttonA" />
      <text id="buttonB" />
      <text id="start" />
      <text id="select" />
      <text id="leftShoulder1" />
      <text id="rightShoulder1" />
      <text id="leftShoulder2" />
      <text id="rightShoulder2" />
      <text id="leftStickClick" />
      <text id="rightStickClick" />
    </playermap>
    <playermap id="player7 Keymap">
      <text id="dpadUp" />
      <text id="dpadDown" />
      <text id="dpadLeft" />
      <text id="dpadRight" />
      <text id="buttonX" />
      <text id="buttonY" />
      <text id="buttonA" />
      <text id="buttonB" />
      <text id="start" />
      <text id="select" />
      <text id="leftShoulder1" />
      <text id="rightShoulder1" />
      <text id="leftShoulder2" />
      <text id="rightShoulder2" />
      <text id="leftStickClick" />
      <text id="rightStickClick" />
    </playermap>
    <playermap id="player8 Keymap">
      <text id="dpadUp" />
      <text id="dpadDown" />
      <text id="dpadLeft" />
      <text id="dpadRight" />
      <text id="buttonX" />
      <text id="buttonY" />
      <text id="buttonA" />
      <text id="buttonB" />
      <text id="start" />
      <text id="select" />
      <text id="leftShoulder1" />
      <text id="rightShoulder1" />
      <text id="leftShoulder2" />
      <text id="rightShoulder2" />
      <text id="leftStickClick" />
      <text id="rightStickClick" />
    </playermap>
  </attributes>
  <tags />
  <resolutionIndependence>0</resolutionIndependence>
  <instructions>Add game instructions here.</instructions>
  <resolution>13</resolution>
  <longDescription>A tabula rasa, a blank slate on which one may create a masterpiece.</longDescription>
  <prototypes>
    <actor id="id373964" />
    <actor id="id378818" />
    <actor id="id287652" />
    <actor id="id150579" />
    <actor id="id478613" />
    <actor id="id383160" />
    <actor id="id362496" />
    <actor id="id929969" />
    <actor id="id567562" />
    <actor id="id706184" />
    <actor id="id632857" />
    <actor id="id710505" />
    <actor id="id808440" />
    <actor id="id769354" />
    <actor id="id658048" />
    <actor id="id501799" />
    <actor id="id103920" />
    <actor id="id878467" />
  </prototypes>
  <plugins>
    <attributes id="playhaven" />
    <attributes id="qqgamecenter">
      <boolean id="enabled">false</boolean>
    </attributes>
  </plugins>
  <scenes>
    <scene id="id449043" />
    <scene id="id434031" />
    <scene id="id961731" />
    <scene id="id291742" />
    <scene id="id893933" />
    <scene id="id422269" />
    <scene id="id243973" />
  </scenes>
</game>