<?xml version="1.0" encoding="utf-8"?>
<actor id="id378818" PGFVersion="0.23" GSCVersion="0.13.40">
  <attributes>
    <text id="name">Phase 1 &amp; 4 Code</text>
    <real id="time">0</real>
    <point id="position">
      <real id="x">0</real>
      <real id="y">0</real>
    </point>
    <size id="size">
      <real id="width">40</real>
      <real id="height">40</real>
    </size>
    <angle id="rotation">0</angle>
    <color id="color">
      <real id="red">0</real>
      <real id="green">0.25098040699959</real>
      <real id="blue">0.50196081399918</real>
      <real id="alpha">1</real>
    </color>
    <image id="image" />
    <text id="tags" />
    <boolean id="preloadArt">true</boolean>
    <index id="id883878" name="counter">0</index>
    <index id="id696140" name="tableCellValue">0</index>
    <index id="id538161" name="randomJewelTypeRow">0</index>
    <boolean id="id879822" name="validJewel">false</boolean>
  </attributes>
  <behaviors>
    <behavior id="id258794" class="RuleBehavior" enabled="true">
      <attributes>
        <text id="name">If game.phase = 1 (initial fill of grid) or game.phase = 4 (falling)</text>
        <text id="bundleName">Rule.behavior</text>
        <real id="compoundConditionKind">1</real>
      </attributes>
      <conditions>
        <condition id="id294103" eventType="mouse position" pluginPredicateTypeIndex="0">
          <attributes>
            <index id="conditionType">1</index>
            <text id="subjectAttribute">game.attributes.id652190</text>
          </attributes>
          <predicate type="number">
            <attributes>
              <text id="operator">=</text>
              <real id="RHS">1</real>
            </attributes>
          </predicate>
        </condition>
        <condition id="id725121" eventType="mouse position" pluginPredicateTypeIndex="0">
          <attributes>
            <index id="conditionType">1</index>
            <text id="subjectAttribute">game.attributes.id652190</text>
          </attributes>
          <predicate type="number">
            <attributes>
              <text id="operator">=</text>
              <real id="RHS">4</real>
            </attributes>
          </predicate>
        </condition>
      </conditions>
      <behaviors>
        <behavior id="id553761" class="ChangeAttributeAction" enabled="true">
          <attributes>
            <text id="name">Set game.noOfJewelsStationary = 0</text>
            <text id="bundleName">ChangeAttribute.behavior</text>
            <text id="targetAttribute">game.attributes.id674415</text>
            <text id="RHS">0</text>
          </attributes>
        </behavior>
        <behavior id="id104897" class="RuleBehavior" enabled="true">
          <attributes>
            <text id="name">If game.phase = 1 (initial fill of grid)</text>
            <text id="bundleName">Rule.behavior</text>
            <real id="compoundConditionKind">0</real>
          </attributes>
          <conditions>
            <condition id="id814238" eventType="mouse position" pluginPredicateTypeIndex="0">
              <attributes>
                <index id="conditionType">1</index>
                <text id="subjectAttribute">game.attributes.id652190</text>
              </attributes>
              <predicate type="number">
                <attributes>
                  <text id="operator">=</text>
                  <real id="RHS">1</real>
                </attributes>
              </predicate>
            </condition>
          </conditions>
          <behaviors>
            <behavior id="id215983" class="NoteBehavior" enabled="true">
              <attributes>
                <text id="name">INFORMATION</text>
                <text id="bundleName">Note.behavior</text>
                <text id="note">The tblJewelTypesGrid table keeps track of what jewel types are in each cell. The types are stored as numbers which currently refer to the colour it is, but can also include a type number for special/power jewels.</text>
              </attributes>
            </behavior>
            <behavior id="id932960" class="CopyTableAction" enabled="true">
              <attributes>
                <text id="name">Copy Table</text>
                <text id="bundleName">CopyTable.behavior</text>
                <text id="tableID">id580997</text>
                <text id="destinationTableID">id433100</text>
              </attributes>
            </behavior>
            <behavior id="id138317" class="NoteBehavior" enabled="true">
              <attributes>
                <text id="name">INFORMATION</text>
                <text id="bundleName">Note.behavior</text>
                <text id="note">The tblRecentlyDropped table is used to keep track of what the last two jewel types that have recently been spawned in each column, as well as the one it's spawning now. This is so that it won't spawn 3 or more of the same jewel type one after the other in any one column.</text>
              </attributes>
            </behavior>
            <behavior id="id848612" class="CopyTableAction" enabled="true">
              <attributes>
                <text id="name">Copy Table</text>
                <text id="bundleName">CopyTable.behavior</text>
                <text id="tableID">id375805</text>
                <text id="destinationTableID">id559124</text>
              </attributes>
            </behavior>
          </behaviors>
          <elseBehaviors />
        </behavior>
        <behavior id="id874021" class="NoteBehavior" enabled="true">
          <attributes>
            <text id="name">INFORMATION</text>
            <text id="bundleName">Note.behavior</text>
            <text id="note">The below timer block loops through the number of columns the grid has and checks to see if the cell at row 1 for that column is empty or not. If it is empty it will spawn a new jewel in that cell. This runs continuously replenishing the grid when jewels are destroyed.</text>
          </attributes>
        </behavior>
        <behavior id="id326377" class="TimerBehavior" enabled="true">
          <attributes>
            <text id="name">[TIMER] Every game.fallSpeed seconds</text>
            <text id="bundleName">Timer.behavior</text>
            <index id="timerType">0</index>
            <real id="interval">
              <expression>
                <reference keypath="game.attributes.id510766" />
              </expression>
            </real>
            <boolean id="runToCompletion">true</boolean>
          </attributes>
          <behaviors>
            <behavior id="id547326" class="ChangeAttributeAction" enabled="true">
              <attributes>
                <text id="name">Set self.counter++</text>
                <text id="bundleName">ChangeAttribute.behavior</text>
                <text id="targetAttribute">self.attributes.id883878</text>
                <text id="RHS">
                  <expression>
                    <reference keypath="self.attributes.id883878" />
                    <string xml:space="preserve">+1</string>
                  </expression>
                </text>
              </attributes>
            </behavior>
            <behavior id="id970524" class="RuleBehavior" enabled="true">
              <attributes>
                <text id="name">If self.counter &gt; game.noOfCols</text>
                <text id="bundleName">Rule.behavior</text>
                <real id="compoundConditionKind">0</real>
              </attributes>
              <conditions>
                <condition id="id612731" eventType="mouse position" pluginPredicateTypeIndex="0">
                  <attributes>
                    <index id="conditionType">1</index>
                    <text id="subjectAttribute">self.attributes.id883878</text>
                  </attributes>
                  <predicate type="number">
                    <attributes>
                      <text id="operator">&gt;</text>
                      <real id="RHS">
                        <expression>
                          <reference keypath="game.attributes.id730004" />
                        </expression>
                      </real>
                    </attributes>
                  </predicate>
                </condition>
              </conditions>
              <behaviors>
                <behavior id="id706812" class="ChangeAttributeAction" enabled="true">
                  <attributes>
                    <text id="name">Set self.counter = 1</text>
                    <text id="bundleName">ChangeAttribute.behavior</text>
                    <text id="targetAttribute">self.attributes.id883878</text>
                    <text id="RHS">1</text>
                  </attributes>
                </behavior>
              </behaviors>
              <elseBehaviors />
            </behavior>
            <behavior id="id896681" class="ChangeAttributeAction" enabled="true">
              <attributes>
                <text id="name">Set game.gridX = self.counter</text>
                <text id="bundleName">ChangeAttribute.behavior</text>
                <text id="targetAttribute">game.attributes.id496866</text>
                <text id="RHS">
                  <expression>
                    <reference keypath="self.attributes.id883878" />
                  </expression>
                </text>
              </attributes>
            </behavior>
            <behavior id="id992884" class="ChangeAttributeAction" enabled="true">
              <attributes>
                <text id="name">Set game.gridY = 1</text>
                <text id="bundleName">ChangeAttribute.behavior</text>
                <text id="targetAttribute">game.attributes.id217853</text>
                <text id="RHS">
                  <expression>
                    <string xml:space="preserve">1</string>
                  </expression>
                </text>
              </attributes>
            </behavior>
            <behavior id="id167086" class="NoteBehavior" enabled="true">
              <attributes>
                <text id="name">INFORMATION</text>
                <text id="bundleName">Note.behavior</text>
                <text id="note">If it's checking the first column it will add a blank row to the beginning of tblRecentlyDropped and will remove the last row in that table. This is so the table will always have three rows. It's the bottom two that is checked when it's looking for the last two jewel types spawned.</text>
              </attributes>
            </behavior>
            <behavior id="id426962" class="RuleBehavior" enabled="true">
              <attributes>
                <text id="name">If game.gridX = 1</text>
                <text id="bundleName">Rule.behavior</text>
                <real id="compoundConditionKind">0</real>
              </attributes>
              <conditions>
                <condition id="id859554" eventType="mouse position" pluginPredicateTypeIndex="0">
                  <attributes>
                    <index id="conditionType">1</index>
                    <text id="subjectAttribute">game.attributes.id496866</text>
                  </attributes>
                  <predicate type="number">
                    <attributes>
                      <text id="operator">=</text>
                      <real id="RHS">1</real>
                    </attributes>
                  </predicate>
                </condition>
              </conditions>
              <behaviors>
                <behavior id="id707197" class="AddRemoveRowAction" enabled="true">
                  <attributes>
                    <text id="name">Add row to start of tblRecentlyDropped</text>
                    <text id="bundleName">AddRemoveRow.behavior</text>
                    <text id="tableID">id559124</text>
                    <index id="command">0</index>
                    <index id="location">0</index>
                    <text id="index">1</text>
                  </attributes>
                </behavior>
                <behavior id="id755398" class="AddRemoveRowAction" enabled="true">
                  <attributes>
                    <text id="name">Remove last row from tblRecentlyDropped</text>
                    <text id="bundleName">AddRemoveRow.behavior</text>
                    <text id="tableID">id559124</text>
                    <index id="command">1</index>
                    <index id="location">1</index>
                    <text id="index" />
                  </attributes>
                </behavior>
              </behaviors>
              <elseBehaviors />
            </behavior>
            <behavior id="id600960" class="RuleBehavior" enabled="true">
              <attributes>
                <text id="name">If tblJewelTypesGrid(game.gridY, game.gridX) = 0</text>
                <text id="bundleName">Rule.behavior</text>
                <real id="compoundConditionKind">0</real>
              </attributes>
              <conditions>
                <condition id="id536980" eventType="mouse position" pluginPredicateTypeIndex="0">
                  <attributes>
                    <index id="conditionType">2</index>
                  </attributes>
                  <predicate type="number">
                    <attributes>
                      <text id="operator">=</text>
                      <real id="RHS">0</real>
                    </attributes>
                  </predicate>
                  <subjectPredicate type="number">
                    <attributes>
                      <text id="operator">=</text>
                      <real id="RHS">
                        <expression>
                          <string xml:space="preserve">tableCellValue(</string>
                          <reference keypath="game.attributes.id433100" />
                          <string xml:space="preserve">,</string>
                          <reference keypath="game.attributes.id217853" />
                          <string xml:space="preserve">,</string>
                          <reference keypath="game.attributes.id496866" />
                          <string xml:space="preserve">)</string>
                        </expression>
                      </real>
                    </attributes>
                  </subjectPredicate>
                </condition>
              </conditions>
              <behaviors>
                <behavior id="id820283" class="NoteBehavior" enabled="true">
                  <attributes>
                    <text id="name">INFORMATION</text>
                    <text id="bundleName">Note.behavior</text>
                    <text id="note">The tblJewelTypes MASTER table contains a list of all of the possible jewel types/colours that can be spawned. The table is copied so that a type/colour can be safely removed from the table when the last two jewels spawned in that column are the same type/colour as the one it's trying to spawn now. If it is, it will randomly pick a new type/colour from the remaining rows in the table.</text>
                  </attributes>
                </behavior>
                <behavior id="id888304" class="CopyTableAction" enabled="true">
                  <attributes>
                    <text id="name">Copy Table</text>
                    <text id="bundleName">CopyTable.behavior</text>
                    <text id="tableID">id797867</text>
                    <text id="destinationTableID">id354595</text>
                  </attributes>
                </behavior>
                <behavior id="id932197" class="ChangeAttributeAction" enabled="true">
                  <attributes>
                    <text id="name">Set self.randomJewelTypeRow = random from tblJewelTypes</text>
                    <text id="bundleName">ChangeAttribute.behavior</text>
                    <text id="targetAttribute">self.attributes.id538161</text>
                    <text id="RHS">
                      <expression>
                        <string xml:space="preserve">random(1,tableRowCount(</string>
                        <reference keypath="game.attributes.id354595" />
                        <string xml:space="preserve">))</string>
                      </expression>
                    </text>
                  </attributes>
                </behavior>
                <behavior id="id439229" class="ChangeAttributeAction" enabled="true">
                  <attributes>
                    <text id="name">Set game.jewelType = from tblJewelTypes</text>
                    <text id="bundleName">ChangeAttribute.behavior</text>
                    <text id="targetAttribute">game.attributes.id488897</text>
                    <text id="RHS">
                      <expression>
                        <string xml:space="preserve">tableCellValue(</string>
                        <reference keypath="game.attributes.id354595" />
                        <string xml:space="preserve">,</string>
                        <reference keypath="self.attributes.id538161" />
                        <string xml:space="preserve">,1)</string>
                      </expression>
                    </text>
                  </attributes>
                </behavior>
                <behavior id="id411874" class="RuleBehavior" enabled="true">
                  <attributes>
                    <text id="name">If the last two jewels dropped in this column are the same colour</text>
                    <text id="bundleName">Rule.behavior</text>
                    <real id="compoundConditionKind">0</real>
                  </attributes>
                  <conditions>
                    <condition id="id332689" eventType="mouse position" pluginPredicateTypeIndex="0">
                      <attributes>
                        <index id="conditionType">2</index>
                      </attributes>
                      <predicate type="number">
                        <attributes>
                          <text id="operator">=</text>
                          <real id="RHS">
                            <expression>
                              <reference keypath="game.attributes.id488897" />
                            </expression>
                          </real>
                        </attributes>
                      </predicate>
                      <subjectPredicate type="number">
                        <attributes>
                          <text id="operator">=</text>
                          <real id="RHS">
                            <expression>
                              <string xml:space="preserve">tableCellValue(</string>
                              <reference keypath="game.attributes.id559124" />
                              <string xml:space="preserve">,2,</string>
                              <reference keypath="game.attributes.id496866" />
                              <string xml:space="preserve">)</string>
                            </expression>
                          </real>
                        </attributes>
                      </subjectPredicate>
                    </condition>
                    <condition id="id931762" eventType="mouse position" pluginPredicateTypeIndex="0">
                      <attributes>
                        <index id="conditionType">2</index>
                      </attributes>
                      <predicate type="number">
                        <attributes>
                          <text id="operator">=</text>
                          <real id="RHS">
                            <expression>
                              <reference keypath="game.attributes.id488897" />
                            </expression>
                          </real>
                        </attributes>
                      </predicate>
                      <subjectPredicate type="number">
                        <attributes>
                          <text id="operator">=</text>
                          <real id="RHS">
                            <expression>
                              <string xml:space="preserve">tableCellValue(</string>
                              <reference keypath="game.attributes.id559124" />
                              <string xml:space="preserve">,3,</string>
                              <reference keypath="game.attributes.id496866" />
                              <string xml:space="preserve">)</string>
                            </expression>
                          </real>
                        </attributes>
                      </subjectPredicate>
                    </condition>
                  </conditions>
                  <behaviors>
                    <behavior id="id365265" class="AddRemoveRowAction" enabled="true">
                      <attributes>
                        <text id="name">Remove self.jewelType from tblJewelTypes</text>
                        <text id="bundleName">AddRemoveRow.behavior</text>
                        <text id="tableID">id354595</text>
                        <index id="command">1</index>
                        <index id="location">2</index>
                        <text id="index">
                          <expression>
                            <reference keypath="self.attributes.id538161" />
                          </expression>
                        </text>
                      </attributes>
                    </behavior>
                    <behavior id="id798351" class="ChangeAttributeAction" enabled="true">
                      <attributes>
                        <text id="name">Set self.randomJewelTypeRow = random from tblJewelTypes</text>
                        <text id="bundleName">ChangeAttribute.behavior</text>
                        <text id="targetAttribute">self.attributes.id538161</text>
                        <text id="RHS">
                          <expression>
                            <string xml:space="preserve">random(1,tableRowCount(</string>
                            <reference keypath="game.attributes.id354595" />
                            <string xml:space="preserve">))</string>
                          </expression>
                        </text>
                      </attributes>
                    </behavior>
                    <behavior id="id389444" class="ChangeAttributeAction" enabled="true">
                      <attributes>
                        <text id="name">Set game.jewelType = random from tblJewelTypes</text>
                        <text id="bundleName">ChangeAttribute.behavior</text>
                        <text id="targetAttribute">game.attributes.id488897</text>
                        <text id="RHS">
                          <expression>
                            <string xml:space="preserve">tableCellValue(</string>
                            <reference keypath="game.attributes.id354595" />
                            <string xml:space="preserve">,</string>
                            <reference keypath="self.attributes.id538161" />
                            <string xml:space="preserve">,1)</string>
                          </expression>
                        </text>
                      </attributes>
                    </behavior>
                    <behavior id="id638518" class="LogDebuggingStatementAction" enabled="true">
                      <attributes>
                        <text id="name">Log Debugging Statement</text>
                        <text id="bundleName">LogDebuggingStatement.behavior</text>
                        <text id="text">
                          <expression>
                            <string xml:space="preserve">tableRowCount(</string>
                            <reference keypath="game.attributes.id354595" />
                            <string xml:space="preserve">)</string>
                          </expression>
                        </text>
                      </attributes>
                    </behavior>
                  </behaviors>
                  <elseBehaviors />
                </behavior>
                <behavior id="id899452" class="NoteBehavior" enabled="true">
                  <attributes>
                    <text id="name">INFORMATION</text>
                    <text id="bundleName">Note.behavior</text>
                    <text id="note">When it's about to spawn a jewel not only does it check the last two jewels spawned below (see the block above) but it also checks the very last two jewels spawned in the previous two columns. This is so that it won't spawn an horizontal line of the same jewels. Because it checks the two cells to the left in tblRecentlyDropped it doesn't need to start checking until it's spawning a jewel in the third column, which is why it has the rule game.gridX &gt;= 3 around it.</text>
                  </attributes>
                </behavior>
                <behavior id="id576295" class="RuleBehavior" enabled="true">
                  <attributes>
                    <text id="name">If game.gridX &gt;= 3</text>
                    <text id="bundleName">Rule.behavior</text>
                    <real id="compoundConditionKind">0</real>
                  </attributes>
                  <conditions>
                    <condition id="id415861" eventType="mouse position" pluginPredicateTypeIndex="0">
                      <attributes>
                        <index id="conditionType">1</index>
                        <text id="subjectAttribute">game.attributes.id496866</text>
                      </attributes>
                      <predicate type="number">
                        <attributes>
                          <text id="operator">&gt;=</text>
                          <real id="RHS">3</real>
                        </attributes>
                      </predicate>
                    </condition>
                  </conditions>
                  <behaviors>
                    <behavior id="id838132" class="RuleBehavior" enabled="true">
                      <attributes>
                        <text id="name">If the last two jewels dropped in this row are the same colour</text>
                        <text id="bundleName">Rule.behavior</text>
                        <real id="compoundConditionKind">0</real>
                      </attributes>
                      <conditions>
                        <condition id="id332689" eventType="mouse position" pluginPredicateTypeIndex="0">
                          <attributes>
                            <index id="conditionType">2</index>
                          </attributes>
                          <predicate type="number">
                            <attributes>
                              <text id="operator">=</text>
                              <real id="RHS">
                                <expression>
                                  <reference keypath="game.attributes.id488897" />
                                </expression>
                              </real>
                            </attributes>
                          </predicate>
                          <subjectPredicate type="number">
                            <attributes>
                              <text id="operator">=</text>
                              <real id="RHS">
                                <expression>
                                  <string xml:space="preserve">tableCellValue(</string>
                                  <reference keypath="game.attributes.id559124" />
                                  <string xml:space="preserve">,1,</string>
                                  <reference keypath="game.attributes.id496866" />
                                  <string xml:space="preserve">-1)</string>
                                </expression>
                              </real>
                            </attributes>
                          </subjectPredicate>
                        </condition>
                        <condition id="id931762" eventType="mouse position" pluginPredicateTypeIndex="0">
                          <attributes>
                            <index id="conditionType">2</index>
                          </attributes>
                          <predicate type="number">
                            <attributes>
                              <text id="operator">=</text>
                              <real id="RHS">
                                <expression>
                                  <reference keypath="game.attributes.id488897" />
                                </expression>
                              </real>
                            </attributes>
                          </predicate>
                          <subjectPredicate type="number">
                            <attributes>
                              <text id="operator">=</text>
                              <real id="RHS">
                                <expression>
                                  <string xml:space="preserve">tableCellValue(</string>
                                  <reference keypath="game.attributes.id559124" />
                                  <string xml:space="preserve">,1,</string>
                                  <reference keypath="game.attributes.id496866" />
                                  <string xml:space="preserve">-2)</string>
                                </expression>
                              </real>
                            </attributes>
                          </subjectPredicate>
                        </condition>
                      </conditions>
                      <behaviors>
                        <behavior id="id365265" class="AddRemoveRowAction" enabled="true">
                          <attributes>
                            <text id="name">Remove jewelType from tblJewelTypes</text>
                            <text id="bundleName">AddRemoveRow.behavior</text>
                            <text id="tableID">id354595</text>
                            <index id="command">1</index>
                            <index id="location">2</index>
                            <text id="index">
                              <expression>
                                <reference keypath="self.attributes.id538161" />
                              </expression>
                            </text>
                          </attributes>
                        </behavior>
                        <behavior id="id601328" class="ChangeAttributeAction" enabled="true">
                          <attributes>
                            <text id="name">Set self.randomJewelTypeRow = random from tblJewelTypes</text>
                            <text id="bundleName">ChangeAttribute.behavior</text>
                            <text id="targetAttribute">self.attributes.id538161</text>
                            <text id="RHS">
                              <expression>
                                <string xml:space="preserve">random(1,tableRowCount(</string>
                                <reference keypath="game.attributes.id354595" />
                                <string xml:space="preserve">))</string>
                              </expression>
                            </text>
                          </attributes>
                        </behavior>
                        <behavior id="id122964" class="ChangeAttributeAction" enabled="true">
                          <attributes>
                            <text id="name">Set game.jewelType = from tblJewelTypes</text>
                            <text id="bundleName">ChangeAttribute.behavior</text>
                            <text id="targetAttribute">game.attributes.id488897</text>
                            <text id="RHS">
                              <expression>
                                <string xml:space="preserve">tableCellValue(</string>
                                <reference keypath="game.attributes.id354595" />
                                <string xml:space="preserve">,</string>
                                <reference keypath="self.attributes.id538161" />
                                <string xml:space="preserve">,1)</string>
                              </expression>
                            </text>
                          </attributes>
                        </behavior>
                      </behaviors>
                      <elseBehaviors />
                    </behavior>
                  </behaviors>
                  <elseBehaviors />
                </behavior>
                <behavior id="" class="ChangeTableValueAction" enabled="true">
                  <attributes>
                    <text id="name">Update values in the first row of tblRecentlyDropped</text>
                    <text id="bundleName">ChangeTableValue.behavior</text>
                    <text id="tableID">id559124</text>
                    <text id="rowNumber">1</text>
                    <array id="assignments">
                      <tablecolumnassignment id="id254803">
                        <text id="column">
                          <expression>
                            <reference keypath="game.attributes.id496866" />
                          </expression>
                        </text>
                        <text id="rhsvalue">
                          <expression>
                            <reference keypath="game.attributes.id488897" />
                          </expression>
                        </text>
                      </tablecolumnassignment>
                    </array>
                  </attributes>
                </behavior>
                <behavior id="id689677" class="SpawnAction" enabled="true">
                  <attributes>
                    <text id="name">Spawn Jewel</text>
                    <text id="bundleName">Spawn.behavior</text>
                    <text id="prototypeKey">id478613</text>
                    <angle id="direction">0</angle>
                    <index id="directionSpace">1</index>
                    <real id="x">
                      <expression>
                        <reference keypath="game.attributes.id138873" />
                        <string xml:space="preserve">+((</string>
                        <reference keypath="game.attributes.id496866" />
                        <string xml:space="preserve">-1)*</string>
                        <reference keypath="game.attributes.id705022" />
                        <string xml:space="preserve">)</string>
                      </expression>
                    </real>
                    <real id="y">
                      <expression>
                        <reference keypath="game.attributes.id939772" />
                        <string xml:space="preserve">-((</string>
                        <reference keypath="game.attributes.id217853" />
                        <string xml:space="preserve">-1)*</string>
                        <reference keypath="game.attributes.id565859" />
                        <string xml:space="preserve">)</string>
                      </expression>
                    </real>
                    <index id="positionSpace">1</index>
                    <index id="layerOrder">0</index>
                  </attributes>
                </behavior>
              </behaviors>
              <elseBehaviors />
            </behavior>
          </behaviors>
        </behavior>
        <behavior id="id852564" class="NoteBehavior" enabled="true">
          <attributes>
            <text id="name">INFORMATION</text>
            <text id="bundleName">Note.behavior</text>
            <text id="note">Once all jewels are stationary it will check the board for possible matches.</text>
          </attributes>
        </behavior>
        <behavior id="id505459" class="RuleBehavior" enabled="true">
          <attributes>
            <text id="name">If game.noOfJewelsStationary = (game.noOfRows * game.noOfCols) and game.noOfJewelsStationary = (game.noOfRows * game.noOfCols) </text>
            <text id="bundleName">Rule.behavior</text>
            <real id="compoundConditionKind">0</real>
          </attributes>
          <conditions>
            <condition id="id840558" eventType="mouse position" pluginPredicateTypeIndex="0">
              <attributes>
                <index id="conditionType">1</index>
                <text id="subjectAttribute">game.attributes.id674415</text>
              </attributes>
              <predicate type="number">
                <attributes>
                  <text id="operator">&gt;=</text>
                  <real id="RHS">
                    <expression>
                      <reference keypath="game.attributes.id981628" />
                      <string xml:space="preserve">*</string>
                      <reference keypath="game.attributes.id730004" />
                    </expression>
                  </real>
                </attributes>
              </predicate>
            </condition>
          </conditions>
          <behaviors>
            <behavior id="id762332" class="ChangeAttributeAction" enabled="true">
              <attributes>
                <text id="name">Set game.phase = 2 (checking grid)</text>
                <text id="bundleName">ChangeAttribute.behavior</text>
                <text id="targetAttribute">game.attributes.id652190</text>
                <text id="RHS">2</text>
              </attributes>
            </behavior>
          </behaviors>
          <elseBehaviors />
        </behavior>
      </behaviors>
      <elseBehaviors />
    </behavior>
  </behaviors>
  <aspects>
    <graphics>
      <attributes>
        <boolean id="visible">true</boolean>
        <enumeration id="blendingMode">0</enumeration>
        <enumeration id="horizontalWrap">0</enumeration>
        <enumeration id="verticalWrap">0</enumeration>
        <enumeration id="horizontalAnchor">0</enumeration>
        <enumeration id="verticalAnchor">0</enumeration>
        <boolean id="flipHorizontally">false</boolean>
        <boolean id="flipVertically">false</boolean>
        <integer id="tileWidth">40</integer>
        <integer id="tileHeight">40</integer>
      </attributes>
    </graphics>
    <motion>
      <attributes>
        <point id="linearVelocity">
          <real id="x">0</real>
          <real id="y">0</real>
        </point>
        <real id="angularVelocity">0</real>
        <real id="maxSpeed">0</real>
        <boolean id="applyMaxSpeed">false</boolean>
      </attributes>
    </motion>
    <physics>
      <attributes>
        <real id="density">1</real>
        <real id="friction">3</real>
        <real id="restitution">1</real>
        <boolean id="fixedRotation">false</boolean>
        <boolean id="movable">true</boolean>
        <enumeration id="collisionShape">0</enumeration>
        <real id="drag">0</real>
        <real id="angularDrag">0</real>
      </attributes>
    </physics>
  </aspects>
</actor>