<?xml version="1.0" encoding="utf-8"?>
<actor id="id150579" PGFVersion="0.23" GSCVersion="0.13.40">
  <attributes>
    <text id="name">Phase 3 Code</text>
    <real id="time">0</real>
    <point id="position">
      <real id="x">0</real>
      <real id="y">0</real>
    </point>
    <size id="size">
      <real id="width">40</real>
      <real id="height">40</real>
    </size>
    <angle id="rotation">0</angle>
    <color id="color">
      <real id="red">0.25098040699959</real>
      <real id="green">0</real>
      <real id="blue">0.50196081399918</real>
      <real id="alpha">1</real>
    </color>
    <image id="image" />
    <text id="tags" />
    <boolean id="preloadArt">true</boolean>
  </attributes>
  <behaviors>
    <behavior id="id605666" class="RuleBehavior" enabled="true">
      <attributes>
        <text id="name">If game.phase = 3 (destroying)</text>
        <text id="bundleName">Rule.behavior</text>
        <real id="compoundConditionKind">0</real>
      </attributes>
      <conditions>
        <condition id="id619992" eventType="mouse position" pluginPredicateTypeIndex="0">
          <attributes>
            <index id="conditionType">1</index>
            <text id="subjectAttribute">game.attributes.id652190</text>
          </attributes>
          <predicate type="number">
            <attributes>
              <text id="operator">=</text>
              <real id="RHS">3</real>
            </attributes>
          </predicate>
        </condition>
      </conditions>
      <behaviors>
        <behavior id="id609197" class="NoteBehavior" enabled="true">
          <attributes>
            <text id="name">INFORMATION</text>
            <text id="bundleName">Note.behavior</text>
            <text id="note">Once all jewels are destroyed (game.noOfJewelsToDestroy = 0) it will change to game.phase 4</text>
          </attributes>
        </behavior>
        <behavior id="id983708" class="RuleBehavior" enabled="true">
          <attributes>
            <text id="name">If game.noOfJewelsToDestroy = 0</text>
            <text id="bundleName">Rule.behavior</text>
            <real id="compoundConditionKind">0</real>
          </attributes>
          <conditions>
            <condition id="id974563" eventType="mouse position" pluginPredicateTypeIndex="0">
              <attributes>
                <index id="conditionType">1</index>
                <text id="subjectAttribute">game.attributes.id204646</text>
              </attributes>
              <predicate type="number">
                <attributes>
                  <text id="operator">=</text>
                  <real id="RHS">0</real>
                </attributes>
              </predicate>
            </condition>
          </conditions>
          <behaviors>
            <behavior id="id451784" class="ChangeAttributeAction" enabled="true">
              <attributes>
                <text id="name">Set game.phase = 4 (falling)</text>
                <text id="bundleName">ChangeAttribute.behavior</text>
                <text id="targetAttribute">game.attributes.id652190</text>
                <text id="RHS">4</text>
              </attributes>
            </behavior>
          </behaviors>
          <elseBehaviors />
        </behavior>
      </behaviors>
      <elseBehaviors />
    </behavior>
  </behaviors>
  <aspects>
    <graphics>
      <attributes>
        <boolean id="visible">true</boolean>
        <enumeration id="blendingMode">0</enumeration>
        <enumeration id="horizontalWrap">0</enumeration>
        <enumeration id="verticalWrap">0</enumeration>
        <enumeration id="horizontalAnchor">0</enumeration>
        <enumeration id="verticalAnchor">0</enumeration>
        <boolean id="flipHorizontally">false</boolean>
        <boolean id="flipVertically">false</boolean>
        <integer id="tileWidth">40</integer>
        <integer id="tileHeight">40</integer>
      </attributes>
    </graphics>
    <motion>
      <attributes>
        <point id="linearVelocity">
          <real id="x">0</real>
          <real id="y">0</real>
        </point>
        <real id="angularVelocity">0</real>
        <real id="maxSpeed">0</real>
        <boolean id="applyMaxSpeed">false</boolean>
      </attributes>
    </motion>
    <physics>
      <attributes>
        <real id="density">1</real>
        <real id="friction">3</real>
        <real id="restitution">1</real>
        <boolean id="fixedRotation">false</boolean>
        <boolean id="movable">true</boolean>
        <enumeration id="collisionShape">0</enumeration>
        <real id="drag">0</real>
        <real id="angularDrag">0</real>
      </attributes>
    </physics>
  </aspects>
</actor>