<?xml version="1.0" encoding="utf-8"?>
<actor id="id383160" PGFVersion="0.23" GSCVersion="0.13.40">
  <attributes>
    <text id="name">Selected Ring</text>
    <real id="time">0</real>
    <point id="position">
      <real id="x">0</real>
      <real id="y">0</real>
    </point>
    <size id="size">
      <real id="width">40</real>
      <real id="height">40</real>
    </size>
    <angle id="rotation">0</angle>
    <color id="color">
      <real id="red">1</real>
      <real id="green">1</real>
      <real id="blue">1</real>
      <real id="alpha">1</real>
    </color>
    <image id="image">SelectedRing</image>
    <text id="tags" />
    <boolean id="preloadArt">true</boolean>
  </attributes>
  <behaviors>
    <behavior id="id174593" class="ChangeAttributeAction" enabled="true">
      <attributes>
        <text id="name">Set self.Size.Height = game.jewelHeight</text>
        <text id="bundleName">ChangeAttribute.behavior</text>
        <text id="targetAttribute">self.attributes.size.height</text>
        <text id="RHS">
          <expression>
            <reference keypath="game.attributes.id565859" />
          </expression>
        </text>
      </attributes>
    </behavior>
    <behavior id="id383588" class="ChangeAttributeAction" enabled="true">
      <attributes>
        <text id="name">Set self.Size.Width = game.jewelWidth</text>
        <text id="bundleName">ChangeAttribute.behavior</text>
        <text id="targetAttribute">self.attributes.size.width</text>
        <text id="RHS">
          <expression>
            <reference keypath="game.attributes.id705022" />
          </expression>
        </text>
      </attributes>
    </behavior>
    <behavior id="id978569" class="NoteBehavior" enabled="true">
      <attributes>
        <text id="name">INFORMATION</text>
        <text id="bundleName">Note.behavior</text>
        <text id="note">If one jewel is selected this selected ring actor will move to the position of the selected jewel so that the player can see what jewel they've pressed. If a jewel isn't selected it moves off of the screen.</text>
      </attributes>
    </behavior>
    <behavior id="id780728" class="RuleBehavior" enabled="true">
      <attributes>
        <text id="name">If game.noOfJewelsSelected = 1, otherwise...</text>
        <text id="bundleName">Rule.behavior</text>
        <real id="compoundConditionKind">0</real>
      </attributes>
      <conditions>
        <condition id="id107912" eventType="mouse position" pluginPredicateTypeIndex="0">
          <attributes>
            <index id="conditionType">1</index>
            <text id="subjectAttribute">game.attributes.id263216</text>
          </attributes>
          <predicate type="number">
            <attributes>
              <text id="operator">=</text>
              <real id="RHS">1</real>
            </attributes>
          </predicate>
        </condition>
      </conditions>
      <behaviors>
        <behavior id="id305104" class="ConstrainAttributeBehavior" enabled="true">
          <attributes>
            <text id="name">Constrain self.Position.Y</text>
            <text id="bundleName">ConstrainAttribute.behavior</text>
            <text id="targetAttribute">self.attributes.position.y</text>
            <text id="RHS">
              <expression>
                <reference keypath="game.attributes.id939772" />
                <string xml:space="preserve">-((tableCellValue(</string>
                <reference keypath="game.attributes.id150793" />
                <string xml:space="preserve">,1,3)-1)*</string>
                <reference keypath="game.attributes.id565859" />
                <string xml:space="preserve">)</string>
              </expression>
            </text>
          </attributes>
        </behavior>
        <behavior id="id290538" class="ConstrainAttributeBehavior" enabled="true">
          <attributes>
            <text id="name">Constrain self.Position.X</text>
            <text id="bundleName">ConstrainAttribute.behavior</text>
            <text id="targetAttribute">self.attributes.position.x</text>
            <text id="RHS">
              <expression>
                <reference keypath="game.attributes.id138873" />
                <string xml:space="preserve">+((tableCellValue(</string>
                <reference keypath="game.attributes.id150793" />
                <string xml:space="preserve">,1,4)-1)*</string>
                <reference keypath="game.attributes.id705022" />
                <string xml:space="preserve">)</string>
              </expression>
            </text>
          </attributes>
        </behavior>
      </behaviors>
      <elseBehaviors>
        <behavior id="id906094" class="ConstrainAttributeBehavior" enabled="true">
          <attributes>
            <text id="name">Constrain self.Position.Y</text>
            <text id="bundleName">ConstrainAttribute.behavior</text>
            <text id="targetAttribute">self.attributes.position.y</text>
            <text id="RHS">-100</text>
          </attributes>
        </behavior>
        <behavior id="id423314" class="ConstrainAttributeBehavior" enabled="true">
          <attributes>
            <text id="name">Constrain self.Position.X</text>
            <text id="bundleName">ConstrainAttribute.behavior</text>
            <text id="targetAttribute">self.attributes.position.x</text>
            <text id="RHS">-100</text>
          </attributes>
        </behavior>
      </elseBehaviors>
    </behavior>
  </behaviors>
  <aspects>
    <graphics>
      <attributes>
        <boolean id="visible">true</boolean>
        <enumeration id="blendingMode">0</enumeration>
        <enumeration id="horizontalWrap">0</enumeration>
        <enumeration id="verticalWrap">0</enumeration>
        <enumeration id="horizontalAnchor">0</enumeration>
        <enumeration id="verticalAnchor">0</enumeration>
        <boolean id="flipHorizontally">false</boolean>
        <boolean id="flipVertically">false</boolean>
        <integer id="tileWidth">40</integer>
        <integer id="tileHeight">40</integer>
      </attributes>
    </graphics>
    <motion>
      <attributes>
        <point id="linearVelocity">
          <real id="x">0</real>
          <real id="y">0</real>
        </point>
        <real id="angularVelocity">0</real>
        <real id="maxSpeed">0</real>
        <boolean id="applyMaxSpeed">false</boolean>
      </attributes>
    </motion>
    <physics>
      <attributes>
        <real id="density">1</real>
        <real id="friction">3</real>
        <real id="restitution">1</real>
        <boolean id="fixedRotation">false</boolean>
        <boolean id="movable">true</boolean>
        <enumeration id="collisionShape">0</enumeration>
        <real id="drag">0</real>
        <real id="angularDrag">0</real>
      </attributes>
    </physics>
  </aspects>
</actor>