<?xml version="1.0" encoding="utf-8"?>
<scene PGFVersion="0.23" GSCVersion="0.13.40" id="id291742">
  <layers>
    <layer id="id177901">
      <actors>
        <actor id="id610731" prototype="id373964">
          <attributes>
            <point id="position">
              <real id="x">160</real>
              <real id="y">284</real>
            </point>
            <size id="size">
              <real id="width">329</real>
              <real id="height">576</real>
            </size>
            <angle id="rotation">0</angle>
            <image id="image">asd</image>
          </attributes>
          <aspects />
        </actor>
        <actor id="id844307" prototype="id929969">
          <attributes>
            <point id="position">
              <real id="x">160</real>
              <real id="y">75</real>
            </point>
            <size id="size">
              <real id="width">135</real>
              <real id="height">43</real>
            </size>
            <angle id="rotation">0</angle>
            <image id="image">Salvar</image>
            <text id="name">Att Copy 3</text>
          </attributes>
          <behaviors>
            <behavior id="id577131" class="RuleBehavior" enabled="true">
              <attributes>
                <text id="name">Rule</text>
                <text id="bundleName">Rule.behavior</text>
                <real id="compoundConditionKind">0</real>
              </attributes>
              <conditions>
                <condition id="id805404" eventType="touch" pluginPredicateTypeIndex="0" class="Touch">
                  <attributes>
                    <text id="name">default name</text>
                    <index id="conditionType">0</index>
                  </attributes>
                  <predicate type="touch" conditionType="pressed">
                    <attributes />
                  </predicate>
                </condition>
              </conditions>
              <behaviors>
                <behavior id="id552851" class="ChangeSceneAction" enabled="true">
                  <attributes>
                    <text id="name">Change Scene</text>
                    <text id="bundleName">ChangeScene.behavior</text>
                    <text id="sceneKey">id449043</text>
                    <boolean id="enableAdvertisement">true</boolean>
                    <index id="index">1</index>
                  </attributes>
                </behavior>
                <behavior id="id199622" class="PlaySoundAction" enabled="true">
                  <attributes>
                    <text id="name">Play Sound</text>
                    <text id="bundleName">PlaySound.behavior</text>
                    <sound id="soundName">pop1</sound>
                    <boolean id="loop">false</boolean>
                    <boolean id="runToCompletion">true</boolean>
                    <boolean id="positional">false</boolean>
                    <boolean id="dopplerShift">false</boolean>
                    <real id="volume">1</real>
                    <real id="pitch">1</real>
                  </attributes>
                </behavior>
              </behaviors>
            </behavior>
          </behaviors>
          <aspects />
        </actor>
        <actor id="id784774" prototype="id929969">
          <attributes>
            <point id="position">
              <real id="x">260</real>
              <real id="y">395</real>
            </point>
            <size id="size">
              <real id="width">70</real>
              <real id="height">70</real>
            </size>
            <angle id="rotation">0</angle>
            <image id="image">08</image>
            <text id="name">Att Copy 3</text>
          </attributes>
          <behaviors>
            <behavior id="id478944" class="RuleBehavior" enabled="true">
              <attributes>
                <text id="name">Rule</text>
                <text id="bundleName">Rule.behavior</text>
                <real id="compoundConditionKind">0</real>
              </attributes>
              <conditions>
                <condition id="id790243" eventType="touch" pluginPredicateTypeIndex="0" class="Touch">
                  <attributes>
                    <text id="name">default name</text>
                    <index id="conditionType">0</index>
                  </attributes>
                  <predicate type="touch" conditionType="pressed">
                    <attributes />
                  </predicate>
                </condition>
              </conditions>
              <behaviors>
                <behavior id="id611264" class="ChangeSceneAction" enabled="true">
                  <attributes>
                    <text id="name">Change Scene</text>
                    <text id="bundleName">ChangeScene.behavior</text>
                    <text id="sceneKey">id815809</text>
                    <boolean id="enableAdvertisement">true</boolean>
                    <index id="index">1</index>
                  </attributes>
                </behavior>
                <behavior id="id360161" class="PlaySoundAction" enabled="true">
                  <attributes>
                    <text id="name">Play Sound</text>
                    <text id="bundleName">PlaySound.behavior</text>
                    <sound id="soundName">pop1</sound>
                    <boolean id="loop">false</boolean>
                    <boolean id="runToCompletion">true</boolean>
                    <boolean id="positional">false</boolean>
                    <boolean id="dopplerShift">false</boolean>
                    <real id="volume">1</real>
                    <real id="pitch">1</real>
                  </attributes>
                </behavior>
              </behaviors>
            </behavior>
          </behaviors>
          <aspects />
        </actor>
        <actor id="id100878" prototype="id929969">
          <attributes>
            <point id="position">
              <real id="x">195</real>
              <real id="y">395</real>
            </point>
            <size id="size">
              <real id="width">70</real>
              <real id="height">70</real>
            </size>
            <angle id="rotation">0</angle>
            <image id="image">07</image>
            <text id="name">Att Copy 3</text>
          </attributes>
          <behaviors>
            <behavior id="id904850" class="RuleBehavior" enabled="true">
              <attributes>
                <text id="name">Rule</text>
                <text id="bundleName">Rule.behavior</text>
                <real id="compoundConditionKind">0</real>
              </attributes>
              <conditions>
                <condition id="id572967" eventType="touch" pluginPredicateTypeIndex="0" class="Touch">
                  <attributes>
                    <text id="name">default name</text>
                    <index id="conditionType">0</index>
                  </attributes>
                  <predicate type="touch" conditionType="pressed">
                    <attributes />
                  </predicate>
                </condition>
              </conditions>
              <behaviors>
                <behavior id="id526503" class="ChangeSceneAction" enabled="true">
                  <attributes>
                    <text id="name">Change Scene</text>
                    <text id="bundleName">ChangeScene.behavior</text>
                    <text id="sceneKey">id313098</text>
                    <boolean id="enableAdvertisement">true</boolean>
                    <index id="index">1</index>
                  </attributes>
                </behavior>
                <behavior id="id744121" class="PlaySoundAction" enabled="true">
                  <attributes>
                    <text id="name">Play Sound</text>
                    <text id="bundleName">PlaySound.behavior</text>
                    <sound id="soundName">pop1</sound>
                    <boolean id="loop">false</boolean>
                    <boolean id="runToCompletion">true</boolean>
                    <boolean id="positional">false</boolean>
                    <boolean id="dopplerShift">false</boolean>
                    <real id="volume">1</real>
                    <real id="pitch">1</real>
                  </attributes>
                </behavior>
              </behaviors>
            </behavior>
          </behaviors>
          <aspects />
        </actor>
        <actor id="id499382" prototype="id929969">
          <attributes>
            <point id="position">
              <real id="x">125</real>
              <real id="y">395</real>
            </point>
            <size id="size">
              <real id="width">70</real>
              <real id="height">70</real>
            </size>
            <angle id="rotation">0</angle>
            <image id="image">06</image>
            <text id="name">Att Copy 3</text>
          </attributes>
          <behaviors>
            <behavior id="id270704" class="RuleBehavior" enabled="true">
              <attributes>
                <text id="name">Rule</text>
                <text id="bundleName">Rule.behavior</text>
                <real id="compoundConditionKind">0</real>
              </attributes>
              <conditions>
                <condition id="id529889" eventType="touch" pluginPredicateTypeIndex="0" class="Touch">
                  <attributes>
                    <text id="name">default name</text>
                    <index id="conditionType">0</index>
                  </attributes>
                  <predicate type="touch" conditionType="pressed">
                    <attributes />
                  </predicate>
                </condition>
              </conditions>
              <behaviors>
                <behavior id="id807784" class="ChangeSceneAction" enabled="true">
                  <attributes>
                    <text id="name">Change Scene</text>
                    <text id="bundleName">ChangeScene.behavior</text>
                    <text id="sceneKey">id931612</text>
                    <boolean id="enableAdvertisement">true</boolean>
                    <index id="index">1</index>
                  </attributes>
                </behavior>
                <behavior id="id999962" class="PlaySoundAction" enabled="true">
                  <attributes>
                    <text id="name">Play Sound</text>
                    <text id="bundleName">PlaySound.behavior</text>
                    <sound id="soundName">pop1</sound>
                    <boolean id="loop">false</boolean>
                    <boolean id="runToCompletion">true</boolean>
                    <boolean id="positional">false</boolean>
                    <boolean id="dopplerShift">false</boolean>
                    <real id="volume">1</real>
                    <real id="pitch">1</real>
                  </attributes>
                </behavior>
              </behaviors>
            </behavior>
          </behaviors>
          <aspects />
        </actor>
        <actor id="id537847" prototype="id929969">
          <attributes>
            <point id="position">
              <real id="x">60</real>
              <real id="y">395</real>
            </point>
            <size id="size">
              <real id="width">70</real>
              <real id="height">70</real>
            </size>
            <angle id="rotation">0</angle>
            <image id="image">05</image>
            <text id="name">Att Copy 3</text>
          </attributes>
          <behaviors>
            <behavior id="id459877" class="RuleBehavior" enabled="true">
              <attributes>
                <text id="name">Rule</text>
                <text id="bundleName">Rule.behavior</text>
                <real id="compoundConditionKind">0</real>
              </attributes>
              <conditions>
                <condition id="id471811" eventType="touch" pluginPredicateTypeIndex="0" class="Touch">
                  <attributes>
                    <text id="name">default name</text>
                    <index id="conditionType">0</index>
                  </attributes>
                  <predicate type="touch" conditionType="pressed">
                    <attributes />
                  </predicate>
                </condition>
              </conditions>
              <behaviors>
                <behavior id="id586073" class="ChangeSceneAction" enabled="true">
                  <attributes>
                    <text id="name">Change Scene</text>
                    <text id="bundleName">ChangeScene.behavior</text>
                    <text id="sceneKey">id310967</text>
                    <boolean id="enableAdvertisement">true</boolean>
                    <index id="index">1</index>
                  </attributes>
                </behavior>
                <behavior id="id217609" class="PlaySoundAction" enabled="true">
                  <attributes>
                    <text id="name">Play Sound</text>
                    <text id="bundleName">PlaySound.behavior</text>
                    <sound id="soundName">pop1</sound>
                    <boolean id="loop">false</boolean>
                    <boolean id="runToCompletion">true</boolean>
                    <boolean id="positional">false</boolean>
                    <boolean id="dopplerShift">false</boolean>
                    <real id="volume">1</real>
                    <real id="pitch">1</real>
                  </attributes>
                </behavior>
              </behaviors>
            </behavior>
          </behaviors>
          <aspects />
        </actor>
        <actor id="id151291" prototype="id929969">
          <attributes>
            <point id="position">
              <real id="x">260</real>
              <real id="y">460</real>
            </point>
            <size id="size">
              <real id="width">70</real>
              <real id="height">70</real>
            </size>
            <angle id="rotation">0</angle>
            <image id="image">04</image>
            <text id="name">Att Copy 3</text>
          </attributes>
          <behaviors>
            <behavior id="id643697" class="RuleBehavior" enabled="true">
              <attributes>
                <text id="name">Rule</text>
                <text id="bundleName">Rule.behavior</text>
                <real id="compoundConditionKind">0</real>
              </attributes>
              <conditions>
                <condition id="id165469" eventType="touch" pluginPredicateTypeIndex="0" class="Touch">
                  <attributes>
                    <text id="name">default name</text>
                    <index id="conditionType">0</index>
                  </attributes>
                  <predicate type="touch" conditionType="pressed">
                    <attributes />
                  </predicate>
                </condition>
              </conditions>
              <behaviors>
                <behavior id="id791129" class="ChangeSceneAction" enabled="true">
                  <attributes>
                    <text id="name">Change Scene</text>
                    <text id="bundleName">ChangeScene.behavior</text>
                    <text id="sceneKey">id431976</text>
                    <boolean id="enableAdvertisement">true</boolean>
                    <index id="index">1</index>
                  </attributes>
                </behavior>
                <behavior id="id153174" class="PlaySoundAction" enabled="true">
                  <attributes>
                    <text id="name">Play Sound</text>
                    <text id="bundleName">PlaySound.behavior</text>
                    <sound id="soundName">pop1</sound>
                    <boolean id="loop">false</boolean>
                    <boolean id="runToCompletion">true</boolean>
                    <boolean id="positional">false</boolean>
                    <boolean id="dopplerShift">false</boolean>
                    <real id="volume">1</real>
                    <real id="pitch">1</real>
                  </attributes>
                </behavior>
              </behaviors>
            </behavior>
          </behaviors>
          <aspects />
        </actor>
        <actor id="id397453" prototype="id929969">
          <attributes>
            <point id="position">
              <real id="x">195</real>
              <real id="y">460</real>
            </point>
            <size id="size">
              <real id="width">70</real>
              <real id="height">70</real>
            </size>
            <angle id="rotation">0</angle>
            <image id="image">03</image>
            <text id="name">Att Copy 3</text>
          </attributes>
          <behaviors>
            <behavior id="id607209" class="RuleBehavior" enabled="true">
              <attributes>
                <text id="name">Rule</text>
                <text id="bundleName">Rule.behavior</text>
                <real id="compoundConditionKind">0</real>
              </attributes>
              <conditions>
                <condition id="id588166" eventType="touch" pluginPredicateTypeIndex="0" class="Touch">
                  <attributes>
                    <text id="name">default name</text>
                    <index id="conditionType">0</index>
                  </attributes>
                  <predicate type="touch" conditionType="pressed">
                    <attributes />
                  </predicate>
                </condition>
              </conditions>
              <behaviors>
                <behavior id="id421587" class="ChangeSceneAction" enabled="true">
                  <attributes>
                    <text id="name">Change Scene</text>
                    <text id="bundleName">ChangeScene.behavior</text>
                    <text id="sceneKey">id604397</text>
                    <boolean id="enableAdvertisement">true</boolean>
                    <index id="index">1</index>
                  </attributes>
                </behavior>
                <behavior id="id243425" class="PlaySoundAction" enabled="true">
                  <attributes>
                    <text id="name">Play Sound</text>
                    <text id="bundleName">PlaySound.behavior</text>
                    <sound id="soundName">pop1</sound>
                    <boolean id="loop">false</boolean>
                    <boolean id="runToCompletion">true</boolean>
                    <boolean id="positional">false</boolean>
                    <boolean id="dopplerShift">false</boolean>
                    <real id="volume">1</real>
                    <real id="pitch">1</real>
                  </attributes>
                </behavior>
              </behaviors>
            </behavior>
          </behaviors>
          <aspects />
        </actor>
        <actor id="id349768" prototype="id929969">
          <attributes>
            <point id="position">
              <real id="x">125</real>
              <real id="y">460</real>
            </point>
            <size id="size">
              <real id="width">70</real>
              <real id="height">70</real>
            </size>
            <angle id="rotation">0</angle>
            <image id="image">02</image>
            <text id="name">Att Copy 3</text>
          </attributes>
          <behaviors>
            <behavior id="id548667" class="RuleBehavior" enabled="true">
              <attributes>
                <text id="name">Rule</text>
                <text id="bundleName">Rule.behavior</text>
                <real id="compoundConditionKind">0</real>
              </attributes>
              <conditions>
                <condition id="id568175" eventType="touch" pluginPredicateTypeIndex="0" class="Touch">
                  <attributes>
                    <text id="name">default name</text>
                    <index id="conditionType">0</index>
                  </attributes>
                  <predicate type="touch" conditionType="pressed">
                    <attributes />
                  </predicate>
                </condition>
              </conditions>
              <behaviors>
                <behavior id="id526622" class="ChangeSceneAction" enabled="true">
                  <attributes>
                    <text id="name">Change Scene</text>
                    <text id="bundleName">ChangeScene.behavior</text>
                    <text id="sceneKey">id269551</text>
                    <boolean id="enableAdvertisement">true</boolean>
                    <index id="index">1</index>
                  </attributes>
                </behavior>
                <behavior id="id294621" class="PlaySoundAction" enabled="true">
                  <attributes>
                    <text id="name">Play Sound</text>
                    <text id="bundleName">PlaySound.behavior</text>
                    <sound id="soundName">pop1</sound>
                    <boolean id="loop">false</boolean>
                    <boolean id="runToCompletion">true</boolean>
                    <boolean id="positional">false</boolean>
                    <boolean id="dopplerShift">false</boolean>
                    <real id="volume">1</real>
                    <real id="pitch">1</real>
                  </attributes>
                </behavior>
              </behaviors>
            </behavior>
          </behaviors>
          <aspects />
        </actor>
        <actor id="id994679" prototype="id929969">
          <attributes>
            <point id="position">
              <real id="x">60</real>
              <real id="y">460</real>
            </point>
            <size id="size">
              <real id="width">70</real>
              <real id="height">70</real>
            </size>
            <angle id="rotation">0</angle>
            <image id="image">01</image>
          </attributes>
          <behaviors>
            <behavior id="id841767" class="RuleBehavior" enabled="true">
              <attributes>
                <text id="name">Rule</text>
                <text id="bundleName">Rule.behavior</text>
                <real id="compoundConditionKind">0</real>
              </attributes>
              <conditions>
                <condition id="id508786" eventType="touch" pluginPredicateTypeIndex="0" class="Touch">
                  <attributes>
                    <text id="name">default name</text>
                    <index id="conditionType">0</index>
                  </attributes>
                  <predicate type="touch" conditionType="pressed">
                    <attributes />
                  </predicate>
                </condition>
              </conditions>
              <behaviors>
                <behavior id="id672747" class="ChangeSceneAction" enabled="true">
                  <attributes>
                    <text id="name">Change Scene</text>
                    <text id="bundleName">ChangeScene.behavior</text>
                    <text id="sceneKey">id893933</text>
                    <boolean id="enableAdvertisement">true</boolean>
                    <index id="index">1</index>
                  </attributes>
                </behavior>
                <behavior id="id175348" class="PlaySoundAction" enabled="true">
                  <attributes>
                    <text id="name">Play Sound</text>
                    <text id="bundleName">PlaySound.behavior</text>
                    <sound id="soundName">pop1</sound>
                    <boolean id="loop">false</boolean>
                    <boolean id="runToCompletion">true</boolean>
                    <boolean id="positional">false</boolean>
                    <boolean id="dopplerShift">false</boolean>
                    <real id="volume">1</real>
                    <real id="pitch">1</real>
                  </attributes>
                </behavior>
              </behaviors>
            </behavior>
          </behaviors>
          <aspects />
        </actor>
        <actor id="id139505" prototype="id929969">
          <attributes>
            <point id="position">
              <real id="x">162</real>
              <real id="y">243</real>
            </point>
            <size id="size">
              <real id="width">112</real>
              <real id="height">38</real>
            </size>
            <angle id="rotation">0</angle>
            <image id="image">hjgjh</image>
          </attributes>
          <aspects />
        </actor>
        <actor id="id358075" prototype="id929969">
          <attributes>
            <point id="position">
              <real id="x">160</real>
              <real id="y">25</real>
            </point>
            <size id="size">
              <real id="width">389</real>
              <real id="height">59</real>
            </size>
            <angle id="rotation">0</angle>
            <image id="image">Warp_Pad_Png</image>
            <text id="name">Att Copy 3</text>
          </attributes>
          <aspects />
        </actor>
      </actors>
      <attributes>
        <text id="name">Background</text>
        <boolean id="scrollable">true</boolean>
      </attributes>
    </layer>
  </layers>
  <attributes>
    <text id="name">Seleção de Niveis</text>
    <real id="time">0</real>
    <size id="size">
      <real id="width">320</real>
      <real id="height">568</real>
    </size>
    <boolean id="wrapX">false</boolean>
    <boolean id="wrapY">false</boolean>
    <point id="gravity">
      <real id="x">0</real>
      <real id="y">0</real>
    </point>
    <color id="color">
      <real id="red">0</real>
      <real id="green">0</real>
      <real id="blue">0</real>
      <real id="alpha">1</real>
    </color>
    <rect id="camera">
      <point id="origin">
        <real id="x">0</real>
        <real id="y">0</real>
      </point>
      <size id="size">
        <real id="width">320</real>
        <real id="height">568</real>
      </size>
      <size id="trackingArea">
        <real id="width">240</real>
        <real id="height">508</real>
      </size>
      <real id="rotation">0</real>
    </rect>
    <attributes id="autorotate">
      <boolean id="landscapeLeft">true</boolean>
      <boolean id="portrait">false</boolean>
      <boolean id="landscapeRight">false</boolean>
      <boolean id="portraitUpsideDown">false</boolean>
    </attributes>
  </attributes>
</scene>