<?xml version="1.0" encoding="utf-8"?>
<scene PGFVersion="0.23" GSCVersion="0.13.40" id="id243973">
  <layers>
    <layer id="id739134">
      <actors>
        <actor id="id442591" prototype="id373964">
          <attributes>
            <point id="position">
              <real id="x">160</real>
              <real id="y">285</real>
            </point>
            <size id="size">
              <real id="width">324</real>
              <real id="height">573</real>
            </size>
            <angle id="rotation">0</angle>
            <image id="image">Game Over Lv1</image>
          </attributes>
          <behaviors>
            <behavior id="id454245" class="PlaySoundAction" enabled="true">
              <attributes>
                <text id="name">Play Sound</text>
                <text id="bundleName">PlaySound.behavior</text>
                <sound id="soundName">Youlost</sound>
                <boolean id="loop">false</boolean>
                <boolean id="runToCompletion">true</boolean>
                <boolean id="positional">false</boolean>
                <boolean id="dopplerShift">false</boolean>
                <real id="volume">1</real>
                <real id="pitch">1</real>
              </attributes>
            </behavior>
          </behaviors>
          <aspects />
        </actor>
        <actor id="id683857" prototype="id929969">
          <attributes>
            <point id="position">
              <real id="x">160</real>
              <real id="y">53</real>
            </point>
            <size id="size">
              <real id="width">135</real>
              <real id="height">43</real>
            </size>
            <angle id="rotation">0</angle>
            <image id="image">Salvar</image>
            <text id="name">Att Copy 2</text>
          </attributes>
          <behaviors>
            <behavior id="id271653" class="RuleBehavior" enabled="true">
              <attributes>
                <text id="name">Rule</text>
                <text id="bundleName">Rule.behavior</text>
                <real id="compoundConditionKind">0</real>
              </attributes>
              <conditions>
                <condition id="id234693" eventType="touch" pluginPredicateTypeIndex="0" class="Touch">
                  <attributes>
                    <text id="name">default name</text>
                    <index id="conditionType">0</index>
                  </attributes>
                  <predicate type="touch" conditionType="pressed">
                    <attributes />
                  </predicate>
                </condition>
              </conditions>
              <behaviors>
                <behavior id="id562010" class="ChangeSceneAction" enabled="true">
                  <attributes>
                    <text id="name">Change Scene</text>
                    <text id="bundleName">ChangeScene.behavior</text>
                    <text id="sceneKey">id291742</text>
                    <boolean id="enableAdvertisement">true</boolean>
                    <index id="index">1</index>
                  </attributes>
                </behavior>
                <behavior id="id253003" class="PlaySoundAction" enabled="true">
                  <attributes>
                    <text id="name">Play Sound</text>
                    <text id="bundleName">PlaySound.behavior</text>
                    <sound id="soundName">pop1</sound>
                    <boolean id="loop">false</boolean>
                    <boolean id="runToCompletion">true</boolean>
                    <boolean id="positional">false</boolean>
                    <boolean id="dopplerShift">false</boolean>
                    <real id="volume">1</real>
                    <real id="pitch">1</real>
                  </attributes>
                </behavior>
              </behaviors>
            </behavior>
          </behaviors>
          <aspects />
        </actor>
      </actors>
      <attributes>
        <text id="name">Background</text>
        <boolean id="scrollable">true</boolean>
      </attributes>
    </layer>
  </layers>
  <attributes>
    <text id="name">Game Over 1</text>
    <real id="time">0</real>
    <size id="size">
      <real id="width">320</real>
      <real id="height">568</real>
    </size>
    <boolean id="wrapX">false</boolean>
    <boolean id="wrapY">false</boolean>
    <point id="gravity">
      <real id="x">0</real>
      <real id="y">0</real>
    </point>
    <color id="color">
      <real id="red">0</real>
      <real id="green">0</real>
      <real id="blue">0</real>
      <real id="alpha">1</real>
    </color>
    <rect id="camera">
      <point id="origin">
        <real id="x">0</real>
        <real id="y">0</real>
      </point>
      <size id="size">
        <real id="width">320</real>
        <real id="height">568</real>
      </size>
      <size id="trackingArea">
        <real id="width">240</real>
        <real id="height">508</real>
      </size>
      <real id="rotation">0</real>
    </rect>
    <attributes id="autorotate">
      <boolean id="landscapeLeft">true</boolean>
      <boolean id="portrait">false</boolean>
      <boolean id="landscapeRight">false</boolean>
      <boolean id="portraitUpsideDown">false</boolean>
    </attributes>
  </attributes>
</scene>